x1,x2,y
0.4994982334686594,1.2674116548186567,97.17684587517228
-0.4779740040404867,-1.8430695501566483,-143.99943664540726
-0.13482245109435406,-1.62632193782683,-21.88301724454235
-0.4684760446797232,-0.4015575444993436,-59.88834183808186
0.3464944420067607,1.1452621730192247,66.79412477929887
-0.8889713580954499,-1.6812182154944335,-87.15485690774418
-0.3907979960810136,0.25233143138452124,31.44848753064787
0.8024563957963952,-0.2680033709513804,39.747478285252136
-0.6801782039968504,-0.11816404512856975,-0.7043817026963879
2.412453679543749,-0.5028167006425383,37.89739747330975
0.6783800988404703,0.9361291483110824,90.64632145475677
0.6089623416545242,-0.3611131347398661,16.802347766980734
-1.2791611070282582,2.3466470305265617,90.30119954659416
-0.7110405967911112,-0.06036249439233865,-13.883548701271202
0.7540956636562427,1.761266127419863,79.41197356743676
-0.026192237344250482,0.4980524046828567,33.300335205657895
1.2649833298562558,-1.3484130877561202,-4.1208946490702845
-2.201441285500558,-0.4688641879667956,-76.13407456064255
0.4014990550902875,-2.2396040586617367,-108.47530771126877
0.4453932508947973,-0.216949569936649,15.427804299223702
-0.8402903954793065,-0.3119761079162129,-36.51584646212781
-2.6556190929749333,0.8625960113284511,-135.16189668411207
-1.8845858449794484,-0.5457119740177824,-152.539277658995
-0.020129103877537486,-0.3337909603535641,-61.524025833292676
-0.30224973045507003,-0.22425893425164034,-21.29422578643884
-0.8047537406378693,0.8635196583813146,20.547868638341487
0.9943943913154988,1.738872677454511,121.47264417132202
-1.1041239857992615,-0.8087175319795337,-116.85677768239748
-0.5475181006794317,-1.1094775536361452,-103.85049854158869
1.0645851361278518,-0.3615992807816198,71.73273552106258
-0.17531640232701995,0.9304084961111164,39.16950119588114
-0.4213275873246805,0.768770644399475,-55.087928238617046
1.4192550459109512,0.08658318016541909,23.99928483332632
-0.8264385386590144,-0.7447548220484399,-12.076981529831224
0.5410082199598076,-1.3177173431407654,-12.682384697549427
-1.3109703704412123,-1.1419014192038466,-82.54250994464586
-0.2393791775759264,-0.3691818379424436,-12.336032611817734
0.4052040803228881,0.9409176145751134,66.65326196079586
0.3360157426619921,-0.035742733548173485,26.343557411710016
-1.227636420410408,-0.14268771207346506,-34.8067462424835
-0.4706376581547914,-0.5543096265713009,32.38973556598377
1.4261587520192662,-0.4558253477993688,49.2201976004383
-1.4055600473918899,0.13157396790806872,-43.327376158822716
-0.14244541750936934,0.5383296032761768,53.26741704604385
0.4105985019383723,-0.10321885179355783,-10.385413546845657
2.023471949769974,-0.3497821801115369,99.86345187942145
1.9887319185953911,0.19898949440518773,58.69491787163335
-1.180632184122412,-0.510805137568873,-68.18491579636654
-0.4533858038513877,1.068509399316009,35.442406208157244
-0.8228283242942818,-0.6126257388749357,-3.719434153051104
1.5363770542457975,-0.6920498477843912,24.13603102551324
-1.3780834670640771,0.30833124595934525,-80.0763639579063
0.26990435494076137,-0.5693120534701851,42.196806851533076
0.9967596428198156,-1.1335928256384589,4.977858553302129
0.4074618362411104,0.6722947570124355,7.746525574035977
-1.1196282336804544,-0.7239287040586021,-90.74957055203451
0.0037708890862693397,0.6984571491073361,-14.67923913894606
1.2591671296108138,-0.062053125798334025,31.564932077807487
0.7694301781773039,-0.16221844757669085,68.61550386247893
-0.9872866934576524,0.5969064812479539,1.2759602332193791
1.3018462295649984,0.6898181645347884,77.74953654238847
-0.79211502056515,1.7123052213432963,23.61624359542619
1.6709430327888573,0.18333919925760125,120.49846393681773
0.5882249291179367,0.6430545453392927,64.81147764294869
0.11709087215544195,2.320799839280298,70.83962501319914
-0.26393734859268786,-0.05535254802238957,-41.1163446905783
0.047066094658493686,-1.1460004265074433,-43.892940386339035
-0.5189002044248521,1.1173053155366646,-4.394066706288676
-0.3638588099707899,0.5898798207345195,2.4987522814160488
0.4128708204461747,0.28912050527881217,-0.6799326558866561
0.6845011068591904,1.7327211869191332,110.25210262136385
-1.8269113783045177,0.8767267736904524,-17.182138141598383
-0.8570781886711647,-1.0431294980353556,-83.59030877963798
1.3891453156779274,0.2255816635688035,94.22080489661717
0.6947491436560059,0.6915387510701866,76.1695075101667
2.2904670705305388,0.540123026400494,89.49674571931818
0.4760313834381145,-0.5654978063746563,-18.248121968039552
1.117016288095853,-0.9128222254441586,23.84072710998633
1.801213990808535,-0.8152756611364586,25.12128601432331
-1.1539503636520094,-2.582796632969945,-127.1000988304264
-0.6081012569516899,-0.04834462377981962,-37.24545908645111
-0.2554707861877694,0.1508182063325938,7.695138599208652
0.33996498380126194,0.9318483741143035,23.31409162894214
0.7293463462804262,-1.6923704374741084,-10.535563042565089
-1.6615982911145637,0.7726948371023817,-10.361429611046221
0.43663847462929295,1.808131810578976,110.75805309313324
-0.8215498256031326,-1.0060368579203915,-61.10258823525883
-0.4917301080135276,-0.015779217120995174,-16.951302381107464
-1.1495540632571182,-0.603839552796151,-59.291960823918856
0.7200337593416528,0.010349314566299351,11.145093564061122
-1.7262826023316769,-0.813146282044454,-62.52122570033396
-0.4100496932025485,-0.9444462559182504,-73.47035455113932
-1.4664243278025142,-0.8133642592042029,-98.86099859263328
-0.24679355778875176,-0.2392965911423441,-47.11886059413431
1.2111452896827009,-1.0452533661469547,-33.547975703250266
0.09395322938556873,-0.13010695419370402,-31.54700557349216
1.6142495472802274,0.227345950143481,98.94983180487742
-1.4543656745987648,2.269754623987608,39.38328986375886
-0.5896320419510298,0.3390592559424304,-20.83286001443197
0.2790957643924534,0.4631303293186071,6.951863595641908
0.386902497859262,-0.8954665611936756,11.828248494432025
-0.437820044744434,-1.1474686524111024,-60.20494907860336
1.4350493867891545,0.27560067398405635,57.95362035892674
-1.0634329381546068,-1.7974558043668976,-112.48854957819192
1.469358769900285,1.5327792143584575,143.03346242018557
-1.6108784034499335,2.1167910214836763,33.23728484299297
-0.35811407547985674,-1.1476109448431353,-43.499679465709455
-0.5559850318789673,-1.05747364780153,-133.06653491126505
0.04985726659982265,0.6878813911747546,59.0688925323543
-2.53455446208423,0.6659671460695378,-92.6833481954526
-1.4956795162570162,0.7041110221415822,-41.435423935291745
1.151733974780799,-2.7773591454274333,-65.71371525554719
0.15670385527236394,-0.3646935443916854,24.230786436984936
0.175818953296028,-0.6600563201340829,11.201247577983294
-1.3094121463310142,-1.4828833575740423,-88.07039803438265
0.022959755607951444,-0.8525858471706469,-38.37726070628374
0.2466021862613345,0.4209182841756566,55.26091880553045
0.3554817927437691,-1.7685384506770307,-31.820941931323592
0.6964386733914393,0.19272899649972688,-28.55617059149035
1.0547579251802828,0.25099811600832395,45.87169961047182
1.2572196508289941,-0.8552404572508642,-9.565529754078074
1.8022422297905472,0.9000542427640723,135.69175604360106
1.0490931879200105,-0.15602389099728736,35.52198789304882
1.7944488052250736,-0.16137353627777914,103.56866252902184
0.9508336970037996,1.0541779089389227,118.53115759009899
0.08842208704466141,0.5238910238342056,6.934185305458295
0.8906716814313947,0.6234536094243824,85.38548108185314
0.7774903558319101,-1.2527953600499262,-44.82589079668368
0.24614778868484416,0.5289436184165822,4.692957199235657
1.11492455949028,-2.437564359199356,-6.366529929486583
-1.3183958696447342,-0.06727560892298172,-69.44187900304517
-0.8589199078076716,-0.2224770102429203,-29.298013167711467
-1.3171747888057943,-0.2712073398901639,-95.22421639523493
-0.07565047058842289,1.821915097860406,128.64786933401078
-0.3023027505753356,-0.3873268174079523,-8.028092695318971
-0.19284182854396467,1.2213849594591983,39.34692593186358
0.4870153259803794,0.4936440875248639,37.045177671065055
0.7086952731104266,1.021224743167163,78.30971894565322
-0.3166552950521069,-0.4012978051335101,9.419389782598033
0.1841812647035463,0.8690063428187611,36.25267511042682
-2.7725927564266497,0.3990463456401302,-67.27620548011646
-0.8129929885540773,-0.7196043885517929,-83.56664248081924
1.6961815728281606,0.4481952844233125,102.9757044208722
-0.6296504269401813,-2.1789315201949093,-128.25309720133185
-0.05992800267109062,-0.3881541924822496,-5.568289481201342
1.5430145954067358,-0.7395629963913133,47.46953403783556
0.2258404786026901,0.9605572244572284,69.75930858319958
-0.5615787496032209,1.6085221559487235,-4.869898146047233
-0.07392466628041514,2.69622405256358,90.15248205513372
1.8334353618156785,0.14180663915345446,101.0088843449914
-0.6510255933001469,0.8568306119026912,64.99218749850371
-1.567767724308454,-1.6326345262344952,-157.93604524370204
-1.2105429941233516,-1.4449401990733717,-75.76647812974548
0.651781261700616,0.3382254736851153,28.44530576887085
-1.0994007905841945,0.37642553115562943,-0.8187461553070641
-1.0840366206719343,-0.21954102833121325,-94.22584671839243
0.08595197343438467,-0.4540803625156051,-47.44139001140321
0.5483281304979799,-0.8958157604108271,-15.056064559920529
1.4542735069629749,0.144043571160878,51.10212211837081
0.0974001662687834,-0.3108861716984717,4.894450481723377
0.5580818806186658,0.9265583009670963,32.97993290045759
0.1927538490652161,-0.9191134448699436,-36.57787718600709
0.09419230031014657,-0.19839889682004566,-52.66611055040961
0.5310425069780597,0.2066905117080033,-7.890736872842788
0.251484415021537,-2.2886200400145285,-75.82487761247846
0.8525519394612321,1.4665787155741776,78.48285876004475
-1.4061047713910109,1.209850126410305,11.697109308465805
0.01633808411289249,0.0674922572408068,22.64082140647788
-1.002668587369791,-0.9906709306271492,-63.75014205650501
-0.5992242774597194,0.4355461592956536,7.041247037215292
0.5972125044034251,1.0013310173467296,54.385288142979746
-0.3575790319685979,0.4561530358270554,-7.810702284152923
-1.2140774030941206,-0.6878376110286823,-104.84480210421623
1.8492637284793416,-0.43515355172163744,47.895957978720354
0.7747283190671621,-0.5109261812322631,24.38984648788319
1.5259575608848084,0.2467660239799705,26.98800084233244
0.6088438344754508,0.2863436888922796,-34.67910065556754
0.5934659196032391,0.04108222614387957,32.013746741414685
0.9901213838791936,-0.8391294028422137,-4.969485329012263
0.6563907508593024,-0.8688625468659522,-7.160345470312049
-0.6701258977272965,0.5541275783267697,-40.47884826880687
0.2390336012467649,-0.04932407014757259,43.18167129893981
-1.2630683491022754,-0.9327409107943778,-74.26930661901388
0.4173188210318355,-1.5504293450834812,-4.856445127220724
0.9222066715665268,0.6140793703460803,69.17519418455495
-0.8624932997247339,-0.4674931736578535,-61.87088844860421
-1.844701163628046,0.013748487335533657,-27.12124243517665
0.09632135592119682,0.16392857245258666,59.07728665137784
0.3718110814974935,-0.45764059428952597,18.888126325320602
2.2436018945826404,-1.5824944779817585,5.414874831586207
0.011498899870062376,-0.011145611841841251,19.032131545617162
0.1965574007287849,-0.7290446587946957,-13.949536150121185
-0.1550100930908342,0.947251967773748,119.44171110446804
0.1834502535815763,0.02673838267463693,-31.07283381584561
0.3814162542091709,0.09837790681547566,-5.470209261379836
-0.5316059080114549,-0.7922866618061449,-56.36715735904189
0.9688826385630508,-0.6579260925367952,18.130005704019496
-0.2983231689958337,0.8253722320875148,58.59471307097212
-0.3193284171450952,0.14195316332077967,-8.85466584738308
0.0875512413851909,0.9494208069257608,10.80400870356296
0.777604137902912,0.06751685717432486,82.74300718992033
0.6620742889997063,2.171164949318166,101.64021860849371
-0.9880019424937344,-0.10434349149469263,-27.819604307706808
-0.13777921428577067,0.31943183333153063,5.474244592215456
-2.7396771671895563,0.9430460873225178,-139.10690488547448
1.5182611703557054,-0.2420198298702195,80.42761360033049
-0.2868871923899076,-0.042171451290578935,-39.717532542456425
1.4587147496759936,-1.6047385298609869,16.568946627371606
0.06326199420033171,-1.5407970144446248,-144.07135387129216
0.4683049076895917,2.1531197925705827,99.26885188105273
-0.29104146327302577,0.7772769637679554,-18.1983399361776
-0.6555450294843581,0.11255753090645428,-24.92798169830829
0.278081047967944,-0.06028753363911904,-24.21719802961684
0.3187276529430212,0.9208588237808192,88.42372040650038
1.4713219561423383,0.3644812492405056,57.33407502242222
1.2760753460061875,-1.2986867221630902,12.371064254238341
-1.4718350074635869,-0.9855107376841508,-67.84857716506706
0.5887424068075064,-1.7302760615500858,-71.76637340571666
1.496139636951632,-1.4902653879072982,-21.616352435678703
1.0139721541121614,-0.9571580982754104,-30.82650824909059
1.0946383747120914,-0.7886692545093662,-22.153239057187164
-0.8859664820409529,1.279812020628022,-51.31310683583872
-0.4607197873885533,0.6663830820319143,9.6745244862101
1.7426687806556311,0.2842796708072146,64.32793628567427
0.5990395263761841,1.0450233755026903,125.69275479031113
0.002571182431510025,-0.4832495424791074,-9.493034456087983
0.04402227617534797,0.2975143539549459,44.03753237023665
1.4737648151384048,0.8851875412089273,98.92952867747812
-0.1162297003871491,0.5072389511096153,3.08244760271792
1.336527949436392,2.16323594928069,152.78455224264022
1.0777438059762627,-0.13370155966843916,17.201961800423952
-1.5447710967776116,-1.0002153473895647,-144.61847992333148
-0.4468362536626212,-0.06174330145790107,-53.833212784553176
-0.8215345170195275,0.08261103215620101,-34.93717270265768
0.3777591697307179,1.6315974275322715,79.88000846176763
0.3036039044620014,-1.8242566559378304,-75.20056871370839
1.412327706037443,0.9367424635352573,115.14340197448273
-1.1594205163999132,-0.3952289826543544,-43.08471161909573
-0.9402702359572048,1.5612795989558068,13.805482378547135
-0.5068163542986875,-1.1888592577840291,-11.555471825922835
0.9766390364837128,0.2082749780768603,-2.4106725206588777
2.0644928613593194,-2.0306844677814944,19.397235754218592
-1.3477590611424464,1.8831506970562544,-6.566514347957862
1.3185510180908366,-2.158068563961257,-92.80002416907726
-0.521641509970619,-0.813595997094507,-60.16925795934078
0.1725044164928659,1.1541840304940192,12.197598469615285
0.07851402517417629,-0.653284701927889,-40.54895970642436
0.07821118109215218,0.21717963263828013,44.53848148972896
0.09721923200291804,0.21496559062609352,-1.7842024060037789
-0.5394546333745014,-2.01640662779976,-94.2887720397908
-1.1401963009349616,-1.1776289624826308,-148.01086763736038
-0.5256405931019397,0.9363985435524596,2.3042194842320463
-0.3820089555778202,0.6764607323616232,-2.3931821657699377
1.9979560797500049,-1.4219198716404369,56.16848986831736
0.3900933226879265,1.9559123082506944,79.41953438635157
0.2989774561190176,0.05517135478023174,-27.19830598696909
2.339624806020058,0.045134015432010274,134.63285247077485
-0.34994336458910474,-1.0299352833089763,-41.02159009179235
-0.2163439782957261,0.15647625694629896,-21.64253642883136
0.9432607249694948,-0.7047002758562337,0.4974357479956151
-0.2717715664906967,-0.12824197402770202,-0.8836211329489831
0.9008264869541872,-1.1651498407833565,-31.959257792237363
0.7790512201329916,-0.3634377801160514,13.549682043943957
-1.3749512934180188,-0.35399391125348395,-71.1268911969545
-0.3480463796426194,-0.2559576692142683,-5.058256801089303
2.19089801323984,0.08617684238012002,63.73006854609192
-0.17992483581235091,1.1787795711596507,42.82274289064517
1.4263168607870274,-0.9711706648243909,-27.470690875798105
-1.6413486088230291,1.390533967073938,-2.5671546163936583
0.20147994670443287,0.2280533251240672,11.770210179824073
-0.7474731780653794,2.62057384601824,46.037177852375
-0.4080147090398969,0.2528035054191545,-33.161363354352105
0.5275973827743159,1.0085972868601036,119.11538484382805
-0.3030982534240727,1.3852615467222305,60.601914463451344
-0.3903926939855081,-0.6250273906846713,-61.42474618701114
-0.9526449528153876,0.1606611898197728,-92.38911525456152
0.7858038268311726,1.4111720638896117,88.4052893211061
-0.2683727352093812,0.7644974530335336,-7.4055293255854115
1.6595507961898717,-0.6840108977372166,109.36623667322252
-0.8601533849246632,-0.4674410096259064,-82.58209588709425
-0.15277442354540868,0.35281660649437835,19.307653107900336
-1.0225068436356035,-2.2555642294021894,-175.30805590525887
0.4113342428976086,-1.8081439264982515,-61.023407880284516
0.3768765208508928,-2.004215715498915,-84.34018230058327
0.8202478373246812,-1.054628463985014,-23.950787772017268
0.3592491565134564,0.5053869385773427,42.34169964011871
-0.8319574932171248,-0.15993978775704282,-35.759008609730955
0.9492464735582355,0.330576756274374,94.92411863074841
0.07912172392953508,-0.04511330369333482,31.812216413112555
1.5480668013787386,-0.7967753063063009,39.93332577166084
2.132153410570444,0.2348215259487319,42.86083559682457
0.09244773546980856,1.5309323510288246,56.70083202870141
1.7858704939058352,0.010500020720820478,18.08026720527571
1.0796185920368209,1.1523315647831205,102.99830060443152
-0.14527445720476925,0.33053274323491577,-19.17478579757104
-1.4169061131262597,-0.4668455460527625,-83.05072230481953
-0.2334666615436927,-0.3091144447717088,-28.62110136988069
0.7966721083646714,0.690429024383049,81.52819692542245
0.14206180518723566,0.3708250012811021,-4.782713764316654
0.09789614541262708,0.4524890926396464,-14.415146625729735
-1.3682450953383907,-0.8396324471731914,-101.6361199770005
-0.035296739602915565,-1.1169495537467236,-36.555412938504894
-0.8000824760846013,-0.4012347099111824,16.712042581599547
-1.0481704068254731,0.6071116719160459,15.581092535998973
-0.7931173627076716,-0.960504381633148,-47.67582992638276
-0.7744589687708259,0.7741606098188164,-65.5384863159468
-1.5500141893581478,1.648504010268179,-56.27856822099032
-2.0866349794205425,1.2577442174960385,-11.502655963355195
-1.0518801025516742,-0.507517601657357,-77.99179818634222
-0.5359145616661618,-1.3804307523072692,-129.2612090117218
0.3351056201959989,-0.5840935467949193,29.155840109219717
-0.5854312042777726,-1.2796891732042397,-75.39546279847792
-0.5070347697653375,-1.5579985281833963,-88.44257482306361
-0.3752224007606727,0.7324240097548762,19.85146842216329
-2.5591846663440965,1.0781973037142378,-31.613998748558288
0.9060446582753852,1.8675589604265697,92.39138705690556
-0.14989159173313932,0.4307711349456415,9.590329583538992
-0.7075056975105769,0.6705704503109099,-15.091753028850222
0.5872593793998261,0.8126740421090424,61.77619643943453
-0.10730527629117467,-0.0616264020956474,-27.409591211556325
0.335844721405313,1.4028447401002433,84.06695450984512
-0.09211211469195593,0.03126754702756948,-18.345482055853907
-0.4380743016111864,-0.5096521817516535,-41.35810182641428
0.10471402943328433,-0.4223148241252707,-35.881209607385564
-1.5415873996717877,-0.8565493082342095,-40.37166911749826
-1.7441877565539552,-0.4487670131054992,-69.96727537853253
-1.1838806401933175,0.7732529774025997,-26.678127184456148
0.2431682154024917,0.7708369604049367,42.988213691780594
0.4283318705304177,-0.028182228338654868,13.042047980389304
-0.4103817936578706,1.4013448312919596,63.19948909048222
-1.8180776303835693,0.5407735853003902,-84.12155430172659
0.05616534222974544,-0.31155253212737266,-5.949925523549831
1.5885306910975323,0.3903649435086224,68.74557627357986
-1.3915052694042196,0.9341797484997248,-29.747027478938328
0.6203582983435125,-0.4796558140079477,-8.701721504276152
-0.0902438496657506,2.149574534867287,77.20997805793193
-0.6082911500814949,-0.7408667042040726,-30.005836471650053
0.3781625196021736,0.1549474256969163,34.42965671259739
0.8756956787795067,-0.4693107362791067,-30.867901330593345
1.4622141707804197,1.4315677574492909,112.83663368510332
-0.5102927396336285,-0.38687084685064654,-35.96856919375987
0.3024718977397814,0.06651722238316789,37.39973601896165
-0.6958351193495473,-1.8300285504278104,-112.11375052879913
-0.30937759288336136,0.2847905991343632,33.996958284307595
-0.1098827793093138,-0.20289684076666706,-15.168185965950046
-0.6780954607862469,-0.20694471055729105,-51.8946202642889
0.7159388934369917,0.5426107834987963,8.95739560215602
0.32962298212773805,0.2238435633129107,45.519609422260075
0.5319746390071913,-1.5482543228490424,-22.84149280547717
-0.2789142751032398,0.8179776072548057,9.847780034847608
0.0328087476137118,-0.7496903447028966,-45.20170245944988
-0.9562584224322828,-0.5319938094111618,-44.297468718743154
0.21839707312993706,0.4428461137467391,14.907255963001704
-0.5946497697204054,0.6027076564293296,3.9188548337626328
1.123905305614439,-0.27682299477388833,47.02294326564045
1.0791947281124892,-0.02342310502145217,15.868160370092532
0.06485610634357618,1.2248705641936597,60.34010657944661
-0.34598177569938643,-0.955945000492777,-54.41337773579195
-0.7379317802412299,0.498726958311932,-40.446214113678174
0.3791517355550818,-0.017020413861440594,66.22335347440134
1.0170209914132446,-0.9389815726777851,20.67950427043904
0.4047618120404975,-0.13190863977996706,-11.68923707792788
-0.2721317560182082,0.8864915393596159,-1.8421602291295045
1.037585667050634,1.3925184494342724,63.887088472500935
0.6799748442451024,-0.7049213525074449,23.036616914861852
1.5762989726277177,0.09920486253150244,100.56731350953243
-0.5643010333021604,-0.08511560251940574,-13.25138314316414
-0.5525406734167292,1.0217905855886729,-14.679035955707429
-0.04140081155796743,-1.3597807255038137,-70.85671192767873
-0.3702424407043429,0.4661664260340308,22.957867892191235
0.05182038948242156,0.6774621693464117,56.28416724264001
-1.98056559106894,0.1319117557874122,-133.51537371183494
0.4328376214999939,0.7750232632241703,38.609670502951325
-1.6164741886510323,-0.3534317487571991,-113.52746211400387
0.02033418170524325,-2.36417381714118,-126.66892333040319
1.0294388287827672,0.7714059486768455,119.9071778817978
-1.4469403347558083,-0.7623615367276093,-112.25499711283052
1.3290628465396823,0.9606933984606596,142.6845543660929
0.3283012950007554,-0.8602624519575188,-21.527006239098725
0.7669196696611992,0.9853175089398668,74.04228295701509
-0.5232509433848951,-0.4802420417382233,-45.454559487524605
-0.4664190967359431,0.7863279621089762,-1.5294513600820367
-0.8076484876163557,-0.1850536710093416,-17.983169783833638
-1.4013472930393105,-0.8174930976162265,-111.30455737184708
-0.9681860639071048,0.4804244961177868,-42.14282791187614
-0.1142255514501802,-1.0793431660249952,-53.27623526071346
0.05194539579613895,-0.9072983643832422,-42.782505351445046
0.2321810362002757,0.1565065379653756,-16.693865102490733
-0.6579510447611686,1.011842432994189,33.575974737243534
-1.1980928801910382,0.8091802968531627,-49.76594279161001
0.3960865849565602,1.422983496516106,73.29479677628767
0.8235041539637314,0.7717905512136674,64.73758076541587
-0.659891729729498,-1.9518041014816017,-95.01496547976645
0.2800578600376801,0.4595849048340562,44.887402719501466
0.3930629339800916,0.21950955579304526,18.83604166509904
0.25871644022974605,-0.07466797825114957,-38.647108471835494
2.021043561484797,0.3389041252159445,61.54845232192649
-0.10128148621739937,1.3277826959579828,0.11719115066958352
0.4032645401632468,-0.45380404105200106,-12.529646489406247
0.2524966270768724,-0.9180047698190454,-19.231120772762466
0.1903115575939397,0.367544896022269,-22.63658153443941
-1.2085736537332212,0.2134800489101689,-28.52637044948543
-1.7140461160489964,-0.2003534800049874,-112.79799729268056
-0.3698011663038032,0.2395827598563913,-37.35732848614076
0.3792355335355868,0.3517801106813583,5.919850824940799
-0.461584604814709,-1.3159074105115212,-75.38019516100464
0.6164593126261553,1.2961498675278833,49.624650352231036
-0.7083850523381071,0.2756665493407744,0.3206483977984149
-1.6760038063299767,-0.3090129690471222,-117.32018547115648
-1.7758879999618291,0.4026255311300352,-41.69861668788361
0.2837695543833455,-1.2128678162090247,-68.26057723360478
-0.3627411659871381,-0.6343220936809636,-34.000087839295986
-1.506998398214272,1.285984007080293,-41.200147804186614
-0.18670911180977925,0.9909091736848452,46.74390972948184
-1.0513903986600646,-0.10321275146170758,-44.47470818867522
-0.8877801366359354,-0.7621145119224981,-79.29940247452315
-0.14456681693373594,0.35950439957101016,64.11543568224563
-0.13298842230959199,1.7549861537420586,31.683623864618177
-0.17858909208732915,-0.9301565025243212,-59.49049428609165
-1.96862468978602,-1.3322116545945015,-124.2664102109762
-1.1680934977411974,-0.0392828182274956,-32.448461827775745
-0.1341327827684201,-0.16975829390248548,2.1516938689239
1.133079879559722,-0.13105401154141233,66.9504666424741
-0.05704286766218815,0.917221542115856,40.611722700159504
-0.9592553926405882,-0.37016416451370254,-12.717173780270665
0.5311783665356953,0.8245572195642364,17.006581874823965
0.8214059370248112,-0.014857703354702715,72.58242882551963
-2.3205942757907416,0.2869044880033464,-119.71915833897027
-0.3277549172964168,0.040071456547775455,-15.311914475557925
0.1584338467855317,1.4015234160052454,110.44098383391515
-0.8871809418450403,-1.601836048972537,-120.1937141533697
-1.0799315083634229,1.1266359221065072,10.520851079184267
0.16422775548733395,1.6481349322075596,54.125424517111426
-0.4438360931551978,-0.38464542314251776,-18.74491913190218
0.0012484557884866053,-0.7891021802566502,-17.55054747751724
1.9223247554443983,-1.4227949086263427,24.67921007564561
-0.3156031233858582,-1.040599230085145,-84.62861742052857
-2.0473236130579617,1.0304382674156047,-31.27262645012712
0.8065637678962596,-1.6845172554248828,-8.357948673656137
0.16464380952639762,1.0400862450537032,-29.379641336213282
1.3674149824601585,-0.10497970101895356,23.37055368043065
1.0544517269311366,-1.0707526215105423,-13.810935491727813
-1.0770990694039948,0.07458640654355353,-36.707122607781365
0.052165079260974405,-1.1043833394284506,-90.31846051098915
1.1244191845103682,-0.5914026678081108,-23.75078670251327
-1.7815628557055914,0.1950696971513812,-94.59575444806843
-0.7399358529652597,1.3426220105103532,17.59616171507599
0.6769080350302455,0.42625873077810095,48.74341391931456
0.4001572083672233,1.764052345967664,88.47928336631477
-1.4299912586854484,-1.0314824603152577,-68.86537371847675
-1.7913275480411837,-0.3650552165462577,-62.499453574679116
0.21149701273187801,1.265077838088766,43.70754042038476
-0.06713415461452177,-1.6324233020679833,-81.11186874859409
1.4053654387244203,-2.1150560151878075,-30.836133867115322
1.5634047450289297,0.16155926723816794,2.8035695515383594
-0.53913263675299,0.7557402888945426,-8.30628621526456
0.1971810551973674,0.09866745381579567,0.1686512329324259
0.5009922321799466,-1.3751844793172407,-10.121010555502846
0.18949963754791346,3.17097477329018,142.5916830649562
1.9436211856492929,-1.17312340511416,35.47520850800933
0.663258089679174,0.34816923524180865,-5.265023433961915
-0.9130792180417964,-0.22260568094832048,-92.11849489777141
-0.07480498268034108,-0.4961023339825624,-60.423427461293386
-0.13043973378332732,0.7706730544633433,24.184941411088285
-0.709854182146104,1.269764750314304,35.11687810094975
0.6079925094063973,0.2466489552524461,104.98420743040016
0.5080679093914777,0.9667680111664602,59.48449572454359
2.0347625440211536,-0.3386821854453976,64.2431020962062
1.2980219723262212,1.1002843382203735,94.20572401675273
-1.829740411004532,0.453781912635684,-58.04672341947138
-0.5900576458695397,-1.4059629162678993,-66.71261669712034
0.8246182196384677,-0.18375573024999226,14.394684264294145
-0.02454942364237904,-1.1022301909070906,-76.26512723309408
-0.7667048545369003,0.0014710002454108063,36.182317233976676
1.658130679618188,-1.3065268517353166,-33.77667819685523
1.8958891760305832,1.4882521937955997,144.712834776869
-0.6023318535828621,-1.0148259077344408,-104.15564059815121
0.8444543066045863,-1.5844735631509357,-67.11528319868195
0.9361075501096976,-0.4802490349949254,35.619811777805296
0.5392491912918173,-0.7699160744453164,35.91463095542965
-1.582685641802789,-1.4465778900358943,-113.88166988726202
0.3270662091210221,0.8326507394644783,54.15669135199914
-1.6480462063661798,1.6857923026593036,-42.52776544200285
-0.8989421564655359,-0.8589723884443423,-78.03046607062137
0.9494055237932189,-0.4031883068495333,25.881379319835233
1.82272360012796,-0.85172919725359,20.114482210570667
-0.9127834941352918,-1.9457030831639588,-129.63598212284842
0.3148172045158238,-0.9711045704444846,-31.918871743278746
1.3291412827455529,0.16586352265353732,65.45916827505806
-1.5362436862772235,0.4656624397304598,-49.2467698264775
-0.8887202573536308,0.24211796098512306,-81.9671382241497
-0.4484650062040593,-0.5892289865101498,-68.01243415764205
0.12898291075741067,0.7290905621775369,79.40828045926601
1.2016978556675064,0.4066570874668812,81.03469934339122
-0.31754309393019925,-0.05858655113386085,-18.712513121034124
1.3014280716647608,-1.1791579306376878,-3.3865498848640603
-0.7474548114407578,-0.41361898075974735,-39.84877588879676
-0.5895799225452156,-0.9768953867353252,-31.18342968256494
1.3978962610867354,0.23914558065378705,65.17494466826597
0.5400944605248059,0.4348079577311579,79.87845559341004
-0.5812684768603252,-0.3474506524985633,-115.17252084541308
-0.3909533751876011,-0.65240858238702,-55.13696593493132
-0.21416665620008424,1.8495912466796365,16.341034655327185
-0.6894491845499376,1.3645318481024713,21.891254077024158
-0.7303570955579599,0.9687443931111454,-15.438916870904956
-3.046143054799926,-0.3923889981496368,-106.92624695901306
-0.09815038964295794,0.27992459904323824,28.231620313400345
0.43904295767204254,0.5433118913875197,22.971745588964524
-1.0167386486097691,0.2273927751211285,-47.883171224151496
-0.32473026508296,-0.0285288698344164,-23.264114835564328
-0.2563168936896428,0.5993693725222969,11.754470072482185
0.13545466318998053,-0.857702623046894,14.423266952251325
-0.7113063597427886,-0.3249349583204991,13.470385501136894
-0.21120598363152,2.4512297190750765,70.73815125122738
-1.9807964682239267,-0.8877857476301128,-210.45648940594242
-1.214401382959259,-1.139008193116965,-100.83425504543243
0.3700558878475188,-0.3994490292628752,4.448229886838861
-1.184686590411552,-0.5215796779933731,-86.01306350816412
0.025405208385016014,-0.5352701645328445,-40.665284489136866
-0.3972718143287977,-0.637437025552229,-46.127979854544364
-1.3414967255830426,0.6119271927311578,-37.360683679359816
-0.5789181399432078,0.03811800017940036,-47.395279246615715
0.3172182151913021,0.910178908092592,51.68717618526292
-0.3791475628799227,0.11514787314009214,-23.974607097632195
-0.21673147057553865,-0.4700328827008748,-35.771439414556454
0.6251186564337302,-0.7823669669020897,7.396157676540074
-0.4255422127714481,0.027762131625501486,4.449564581289304
-0.5937774477786675,0.0187917917742578,-5.628462620865843
-0.2934850548893775,1.7406294458953309,36.74207577557194
2.2320163895251777,0.0275097020298358,59.021174941846716
0.8672766288084278,0.05157494276988904,7.125857215280536
0.7679024077327037,0.03700572191014953,35.216773031129364
-0.2977908794017283,-0.13288057758695562,-56.82160738785471
0.6103793791072052,-1.5829383973350817,-48.38430936463403
1.7133427216493666,-0.06824160532463124,82.81990000255738
1.0097118548117143,0.3843234052112453,52.80890806427136
-0.9467404109571896,-0.8351926901914831,-34.13205813024983
-1.962732009140752,-0.8963697225521802,-111.32110032757772
-0.8540957393017248,0.31306770165090136,-52.25212524195743
1.5470314969908443,0.2125870464375366,89.39296881079818
-0.2527106720416067,-0.34419645646738123,-24.088181174259844
-0.5643179096824891,-0.6795930425441441,-4.837024877001987
-2.0699850250135325,1.4944845444913688,13.892156968467887
-0.07785475594085076,-1.0180418752873648,-9.04826377552709
-0.6378405564735843,-0.4287020655858289,-73.40265307291989
-0.08203415314548415,0.018922103882194737,29.566019049815868
-0.7615733882565591,-1.3479254226291204,-79.10616828275894
-0.17220079269688265,1.3243587499958391,39.660287759227536
-1.4793159799632536,-0.12040663866440972,-87.70456822869957
-1.0974966547702447,-0.417477349885034,-45.708631638493614
-1.1029062129553695,0.7199837301431654,-13.309010574266601
2.759355114021582,0.4811151263888354,107.37825646595304
-0.1871838500258336,0.04575851730144607,-23.967615501063147
-0.08561495423049709,0.9836361957891796,41.96403703193372
0.5270042084546597,0.008627898917576322,-5.9984986977534165
0.14844958138007808,0.4768983689222224,7.913051068927086
-0.14963454032767076,-0.6945678597313655,-73.8636440905144
-0.05256729626954629,-0.5963140384505081,-50.03665826423696
0.4938367762809564,0.04949498165009074,26.52487090559853
-0.042257151660642686,2.259308950690852,131.1837259529766
-0.4164990824366925,0.960047741149928,18.51444044655998
-0.29875960056993595,0.6991361537186938,18.146229151582567
-1.3533888581477134,-0.34796185592084583,-65.22591951231894
-0.06964157844693558,0.030601824338517807,26.52150713819895
0.4393917012645369,-1.4912575927056055,-26.61713800620664
-0.6493379277303881,-0.4481653626807081,-37.245126016642615
0.8820565993630106,-0.7727718829782021,-1.2012151429574285
-0.4643376914354917,-0.8031413873416283,-132.83740021009675
1.8593463338516285,0.045165855938831004,107.9220905186002
0.4879726826630046,0.8313510579847683,90.62286246918728
0.9623417448143452,0.4573096467208113,47.56281469880065
0.3562928174722889,0.7666631816450861,41.534280215675075
-1.348424319121701,-0.9571474731510168,-138.7534860218446
-1.0930615087305058,0.3960067126616453,-27.77174244583993
-0.2008085139956656,2.6805708407690005,103.88388221182646
-0.2127402802139687,-1.6138978475579515,-77.80074029323862
-0.3931531947541129,1.7746585609733332,91.94596999743095
-0.8781903428100731,-0.2413377914531045,-24.792547001158482
-0.3550287310553741,-0.3004787855854223,-68.51923607017102
0.8640523004976479,-2.369586905226603,-65.0526389017048
0.09945445703071176,0.021062021342063624,14.247237429780967
0.17371185298702346,-0.5288698535561153,36.87669677085866
-0.1181707843665918,-0.02985612163636626,-14.6955359565924
2.2408931992014582,0.9787379841057392,102.530073410451
-0.1931767015498399,0.4064154936762062,11.809383382623244
-0.11038929902688777,-0.7826291558275251,-6.2339693758360175
-0.25957698183403943,-0.2764328450158372,-84.33315216602196
-0.3263184621583181,0.5128364575927566,31.695878865896788
0.3269625954044574,-0.6677202863593994,-20.09116273831339
0.6764332949464997,-0.635846078378881,43.794864299655046
0.886864686582761,0.007617498318158106,19.845524275748573
-0.9456157955562914,-0.37070400322045344,-41.79073702412951
-0.009657236532908346,0.4008856791041212,29.09514979733436
1.149379383367124,-0.43046191188579297,-14.122694712159795
-1.4200179371789752,-1.0485529650670926,-104.968586702859
-0.3076912773670017,-0.5664398537322193,-16.18930655370733
-0.4367483374580074,-1.0326431018921296,-52.30137073443919
-0.1513572082976979,0.9500884175255894,10.716758336050132
-1.5639046348397665,1.1172834656881905,-16.444854855237327
1.3124703671409963,-0.8974009269018305,0.08211298713419167
0.005292646299360854,0.8215857120497958,75.71876977044175
0.6168865543932788,0.3547576931132181,21.32063257204264
-0.7614922118116233,-0.2918373627478628,-25.80090429111625
-0.0722870075600049,1.0289354925948542,66.03769928354804
1.7699213881967335,2.5263682403559984,196.03819160274918
1.936712462402552,0.4038960208359738,80.0816643696562
1.9507753952317897,-1.7062701906250126,47.63087431645477
0.4183980113091925,1.4333525028819918,54.80856272880536
-0.196233964943542,1.9667639719347398,87.55088992213226
-0.2200757798203556,-0.7999136231406647,-44.938264179024344
-1.2973796559567399,-0.07311964594819724,-61.460094853890396
0.5249178636458827,0.26902407317624666,42.545134512653114
-0.08645528271104712,-0.16325494883317873,-38.73939785034818
-1.3730535360419285,-1.6064396894498327,-88.32884235044169
0.9444794869904138,2.383144774863942,150.410700059511
-0.2675947462353477,0.9424681192203938,43.88423983350876
-0.4040322938509371,2.5944245877681515,137.22329049976986
0.4814814737734622,-0.4635959746460942,-46.180588427481574
-0.39121705217401626,-0.05746951846539464,6.086720502561723
1.042977594646376,-0.522619416398478,42.00791008398824
0.3822027877852936,-1.4519055294317469,-51.658973352329475
-0.2722761011450806,0.06859922748066052,-0.228899077682188
-0.8299645975379619,-0.4246633024328657,-62.33655042414614
-0.8391241905992737,0.8505306835234382,-46.24524790527555
-1.2631729120851545,-0.3406923438779305,-51.21659045152054
0.3087512418366131,-0.11477532477079815,-52.23326558526948
1.3749640663929898,0.8952602728899299,77.69856096702252
-0.24841930670503826,0.7196681705373317,4.328789988383679
0.24078750974193844,-0.7994223995430966,-1.974868785225528
1.3985620921255355,-1.649216974417132,-46.813329624338216
-0.7955005500532909,1.5788651944164882,54.33704594979977
-0.3820254489503836,-0.14357951171632055,-7.243888617437509
-1.0600158227215473,2.303916697683942,57.56882994719078
-0.04001872535163292,0.41785370321732596,77.46634559097916
-1.226196191783019,-0.3751471166612839,-55.62011272272184
0.9106456722299704,0.2987136599920089,54.33104003076925
0.5213037482757137,1.4893559620744805,113.38258012076513
0.2381031478323121,-0.9443684908242941,-31.640146885043613
0.21301716742988736,-0.6599427051023377,28.03495062998972
1.9295320538169856,-0.4980324506923049,28.960593590992108
0.8002979493400275,-1.4465346995633883,-51.69537269242079
-0.8157915419939713,-0.5053583172644099,-51.03750963240639
-1.5706234086334527,0.6433144650629279,-39.10803848355416
1.1045784735714763,0.7303517903770194,114.26405245373422
0.2670508693491829,-1.2928569097234486,-69.15283754007315
1.2433193844551549,-0.9327890415064384,-30.037449278625125
-0.1715463312222481,0.5232766605317537,60.1925592718537
-1.6169560443108344,0.640131526097592,4.543849896005875
-0.5110404635801098,-1.6193599828975425,-52.78804154272827
-0.998191728231864,-1.0043227122146134,-61.062342646075656
0.07826017516166135,0.8005648034309968,6.32609354727112
-0.2226751005151545,0.5672902778526694,65.60766422070809
1.7367749569767108,-0.7781835214561222,-10.361711763463092
0.8809375610809715,-2.994612860227619,-88.98296915998766
1.4121516982986309,-0.923912015810002,-7.984040425093209
-0.9962126403710662,1.034409886481518,15.742229021108244
1.7975393871259049,-1.7232282507163232,-4.365427441299415
-1.188944955203736,0.7471883342046318,-45.316657238597706
1.7358789976857132,0.4683852342770517,120.22189379801772
-0.4017809362082619,0.17742614225375286,37.24971276742574
0.4046954556143003,0.5365965205668235,65.77886927866645
0.1216750164928284,0.7610377251469934,56.587741724253576
1.2978252669735857,0.3658487879168582,-1.4308843733282968
0.5456573234700275,-0.3568715280255985,-43.288621824484316
-0.008209882269614045,-0.3265609776792077,-19.39486748336261
-0.9489328108497634,-0.039267991037953184,-37.42151816427207
0.6552637307225978,1.0996595958871132,46.98053016982333
-1.9986394755833727,-0.28900521095423304,-69.20615547911088
1.9100649530990337,-0.8612256850547025,50.21110624134619
1.4805147914344243,1.9229420264803847,107.30414274574215
0.9693967081580112,-1.2704849984857336,15.298895176178926
1.0415683888185818,0.1546688336463322,88.12074931332191
1.5522431800485608,-0.6006575576577885,93.74103380056678
-0.4630217541090509,0.06763423006691976,-28.71398157531721
0.4509344618059149,-1.7558905834377194,-44.22752518941124
1.3071838450812574,0.6775570335877171,79.0893233178609
0.09775080242218527,0.1978281678498678,9.522003912553249
-1.5308034973994926,-0.03331928284515295,-48.56086840188672
-0.2693897784512403,-0.7742950804868045,-67.77006283579155
0.5474805721046649,0.4225803722728828,-10.433826806569122
0.7849575212405001,-1.1398024554267745,-20.097924723937627
0.6450552734598769,-0.5324899192090677,30.764450744402822
-0.5098432421384791,1.3709890062911214,92.51211359348973
-0.4933198833621941,-1.4240609089825316,-35.285748660761705
-1.7776669547337065,-1.5023965693817127,-74.38287717186773
0.7574683300614039,1.8666831483316269,153.05808834133802
0.0032222164431556987,-1.5914478754580317,-76.4834636801351
-0.6311919417468571,0.6225191403049977,7.800014854091506
0.307732574679432,0.20727074697361866,30.36739673953101
0.6354245265539955,0.87938994191337,46.513279709881154
0.2053325637779597,1.3250140528868153,23.832390927138675
0.7825788808419775,-0.3979120985908414,-25.849314346953463
-0.8244091213278346,1.6180542690002255,38.870661325155694
0.1712435451522125,-0.6470535263827593,1.4388734211333691
-0.4384744580346061,-0.3059525750983919,0.0937226971577303
-0.24945858016094885,0.8416312640736364,-7.610604732032286
2.2259443317382592,0.33003511451031164,162.45997875314538
-1.1343115937222277,-0.640725724190199,-78.66884093427635
-0.8541612608143545,0.0330897511387602,-11.958304912199955
0.17233913922918878,-0.8321860341500621,-22.085877499177933
0.895555985551324,0.6051200840821667,112.45704117373188
0.3872804753950634,-1.6981058194322545,-37.09644992677981
0.024290914137780388,-0.3416780975958806,-33.41700783966857
-0.977277879876411,1.867557990149968,32.215417489449074
-0.030936257273958937,-1.1046165975264708,-41.7152059970083
0.5897036055747239,-2.011880319244709,-56.743570960844536
-1.6417032288097841,-0.7308735859513859,-148.11130032995194
-0.4243176209779015,-0.9087632459590532,-27.311981649674877
-0.18224478378994294,-0.2616454457109007,-19.065817578357734
1.4148741359224224,-1.3128496745497915,-16.500470274972123
0.33367432737426683,0.4438632327454257,59.36274446936812
-1.5669947108616025,0.03976673458649517,-21.54081628164881
1.6815767162673276,-1.0068317522989838,-10.116843720091623
0.5441447523580081,0.9541895808987648,18.397042752726087
-0.5004096673042641,-1.1949868052686603,-54.914427604792394
0.4627822555257742,-1.6301983469660446,-27.874911742506466
-0.10800383678095793,-0.5286706589354886,-5.692908393218421
0.017479159025056732,-0.4555325035173432,-23.869455994814768
0.4154006261711268,0.2843145189979445,36.22048633399967
-0.7306777528648248,-1.1268258087567435,-98.35102654615272
0.7010413411650971,1.0156652815421012,60.45250542752161
-0.5142339659399888,-0.6585529668050037,-29.647408943560897
-0.32566946882017417,-0.8483205228052325,-31.98152853453025
1.2973420890928906,0.19321355323369646,100.81947147485913
0.05892558918162996,0.8145198224878663,49.242434192289764
0.094351589317074,-0.38487980918127546,-56.23577406583845
-1.1280113314700069,-0.26773353689396645,-64.11090980179068
0.4770680923568653,-0.968082117664578,-17.849357881659913
0.4019893634447017,0.12691209270361992,33.07928165597656
-1.7763886163465759,-1.6384236257417921,-127.4199423097782
1.1710410646204883,0.38909396886572056,76.12095058419914
0.30726478050559103,0.3191184000862824,-16.433370121646135
-0.11510746848722672,0.8758327615873309,12.447945876509616
2.6429357210147417,-0.9196506900626618,35.34289638855721
0.024612125247911617,0.7231004937377982,74.9570270523452
-1.3467175057975551,-1.3342584714027534,-156.99679394761785
-0.7214312955717558,-0.33210227734882514,-26.294352489981108
0.101407146668211,-1.0053118723488588,-5.430502552644337
0.5127175234723987,0.03812738409493465,-5.543016465427563
1.3263858966870303,0.29823817420605603,19.740016435597134
-0.9646120137337284,0.4574156062209908,-4.305705368311428
-0.13256801465371806,0.9237965603139467,23.049657320359092
0.23820019202203865,0.8178618311849958,101.37066717223766
-0.4772862704032294,0.35570351572398445,19.417625423640295
0.6350314368921064,0.16667349537252904,31.08690460890211
0.553132064207584,1.5133280825732052,53.81316995481277
1.1277836301278024,0.2412039642189525,14.242397506294921
-0.6313759884493888,1.0813760344581895,-15.400529344726985
1.7148316086760431,0.4662900435501895,114.23961273297412
-0.3981481287500751,1.3554427025944182,21.838261126347646
-1.6786883628286566,0.2242522209656819,-62.46871943286526
-0.3854897603756083,0.18392549434030994,-45.127262335487394
0.24444345596163256,-0.9474885949068796,-48.113268557624856
0.8299861590811032,0.2967331724941133,20.259805111907035
-0.7333128075836657,-1.6388073071221778,-112.42271487430322
-0.12194492760027728,0.013239767667533552,7.189421821348379
-0.907300121525327,-0.7905230218330772,-57.69306616654974
1.0543249749040775,0.018627370661355457,37.34714679915288
-1.0677420110191065,-1.3730425509508952,-91.07201525962677
-0.5757879698130661,0.5210648764527586,0.8850994104382659
0.12372191423350658,-2.0946030712061448,-87.80722389133301
0.8656529228158533,-1.3707599825430603,-31.10634870306799
-0.7097279658468882,-0.27567053456055696,-57.73599044238698
-0.97882985935877,-0.5175190425104033,-116.42276002220379
0.10571999546715494,0.4470241568856783,26.846640261351837
0.7065731681919482,0.3563663971744019,65.21255625189964
1.0819352184772653,0.19796728994496746,20.036384858834808
-0.2342158013445365,1.0963468456657983,56.15343856255964
-1.0848560594614451,-1.0455245570694658,-119.36054408390049
0.06606026178649259,-0.1550358081183258,7.416110541272554
-1.1158969859603944,-0.5986539369229861,-36.873230071951426
-0.8014968853943748,0.2711701846373109,4.7071261021221
0.3178850972381816,0.5342011708457715,74.5447673979056
-1.3833639553950554,-0.7255973784635843,-109.44615813834768
-1.4327354899341085,-0.06163805217221476,-66.9427517385344
0.27687190584612803,0.8689634868967954,32.74255399450479
0.8443629764015471,-1.225435518830168,-4.683075582967387
-0.7421650204064419,0.8644361988595057,24.791745839356537
-0.6834397667886818,-1.4617326882614081,-59.60285609635936
-1.6606998118692633,-0.11048940506592783,-74.06041922966232
-0.09439250641118496,0.4663795743819789,13.067556594286856
-0.5911831037644297,-0.8376780419079453,-76.10697953097224
-2.123890018045559,1.484925598699954,-67.4169190462619
-0.17781314370301254,-1.8923618933173407,-105.8825604797798
0.4608144771488305,0.9214083978105811,40.2786017621232
0.14630444600104425,0.5665453158182124,11.70452185465657
0.555786964082873,-0.7657021944780863,4.3848966908599465
2.042072149826954,-0.9933613754231354,38.19317164593193
-0.9774648772458692,0.1474344016509719,-31.685374562824954
0.19429293804577166,-0.08593076697161273,-8.171462057454644
-1.1884244215830193,-2.802202798391713,-162.2196833157511
0.2656879749662359,-0.4513030371025261,-23.781559340359664
-0.25857263167677125,1.5927707544174836,82.32608785756334
-0.20515826376580087,1.494079073157606,62.54433094098454
0.15895867412564327,0.2398671058952785,-30.721639646731845
-1.4513384981910251,-0.922823314996828,-89.36791987789157
-0.0916594081003832,0.10523213705927584,14.631917581896527
0.3114470715541555,0.4704331448464818,20.86569205094697
0.13768982590334733,-0.7537044661806008,2.1214049362059257
-0.27739139174310984,-1.5096616060682988,-77.54451357672404
1.1997361764150378,0.8733118360704122,78.95870153545238
-0.6634782863621074,-0.0984525244254323,-9.81600645164412
-0.021869908789079875,-1.3647582300824324,-38.69827092618323
1.1368913626026953,-0.13594970067832082,8.308673443841053
-1.0506538365874896,-0.09900831128407736,-82.54697393106176
-0.40098615789640096,0.4607943277012556,-41.475863068640756
0.4160500462614255,-0.5428614760167177,-24.195705387306266
-1.1711604614500803,1.51875933696358,-43.52633039039457
0.5822245913979243,0.929505111479528,37.83533559541873
1.3599485416794843,0.8203217972614217,85.25049850577008
1.3462210732223001,-0.9724028893524976,59.99366134798888
0.6536185954403606,-2.5529898158340787,-56.082758692630605
1.2165777137429403,-0.4957954945452093,39.512983011564295
-0.8038504040315201,-1.3003468322183391,-97.00744133318321
-1.6567151023219535,0.0386305518401881,-85.39925748448167
-0.5072344618949226,0.4140913537935951,17.8999407399964
-0.8622669997532367,0.5023282400747796,-41.117002394991815
-0.025798558254487108,1.3086687523521792,65.01604924512701
-1.1582031851840289,-0.2821958766904351,-35.19748311647084
1.0201727117157997,-0.1105406572324726,15.311373831973007
0.9971179807917596,0.3248696157961861,91.18273126331579
0.5680073592264201,0.2155530537886848,64.45360992298775
0.14644077047824985,1.404545514939712,84.45013519819841
0.6063195243593807,-2.659172237996741,-55.32273272693259
1.0479721559680528,0.4986902749098275,78.23596289898038
-1.8388466037584985,-2.121176444902436,-185.66577104406247
1.1411018666575734,0.8579239242923363,55.413955406291244
-0.050084094284822085,-0.7578708604251659,-12.647490951604615
1.6959695330141693,2.488441614331128,206.15466626932187
-0.3948495140334503,-0.19065349358139927,13.656235266901186
0.2205076557571733,-0.045703960660234855,1.5966674219825476
-1.9585489551365387,0.15925046837370244,-62.91543004890311
-0.03424228053195387,0.38273243001226814,6.952944896708143
-0.1595734381462669,0.6937731526901325,-7.749398715857732
0.18133842921782128,-0.4391895218021479,32.160045634022886
-0.04459542645585703,2.011256681463137,39.52479265889761
-0.20829875557799488,0.5765908166149409,59.137216138326814
1.5743712374755716,-0.20828510309499634,-8.092199356190235
-2.2453216483714016,2.4972003915870067,49.66364830086215
0.09600420496977,-0.14876615223367926,-24.36397272577971
-0.6848100909403132,0.402341641177549,9.541194551117146
0.93874687568231,0.08753147092167086,7.7710712985287955
-0.7401367907395136,-0.9988487960953679,-100.0612253610326
0.9674461500502348,-1.2266216593966155,-6.347584532510883
0.9921368285185058,-0.6255570351092533,-44.439513270906446
1.7195893074161943,1.5199948607657727,180.42301622445717
1.6819217400731377,-0.667712720570559,20.57924259432596
-0.5788496647644155,-0.8707971491818818,-95.14447791729195
0.03183055827435118,-0.6743326606573761,-38.00632171357112
0.8674074113549181,0.7553956956633383,91.76196506953885
1.0329891945199456,0.8811310970996323,95.50354420568209
-0.8909150829955279,0.2745163577239395,8.22426356463853
-0.2125230447703092,0.05989468311627605,3.2554319244131733
-0.5375833685580619,0.5232617386880769,-1.7126500692428996
1.0907497344345,-0.5327027919795545,21.318155829220427
0.4563633634807854,1.4219755592924648,65.84246692442657
-0.8779706165358702,0.8709617821716196,-27.91613883651023
-0.12656933163938985,-1.6641729851661735,-119.72613070513344
0.40053068459870617,1.1036939574621505,91.10466473749986
-0.5863200252111324,-1.2525933415033192,-97.78712783382228
-1.794229271489721,0.050954277011289496,-91.63818029336794
-0.675593827630063,0.8449956030008372,33.028963363541976
-0.6895497777502005,-0.8034096641738411,-11.712596161295993
2.1338682472045374,0.9725357891425368,111.36490458771156
-1.4377914738015785,-0.7641439239064429,-122.51310623419948
0.3236257646091187,0.017515613278218337,-5.865932796303412
-0.5100295397556169,-0.17346389707287913,-58.59097809149733
-1.0063655216785503,0.21524046763961147,-29.986878380331696
-0.964606424206264,1.3264616423656934,35.43552847542443
0.5629897185861278,0.7519465876771957,43.32006290136942
-2.8345545052747023,-0.6564636749715315,-146.32596037952052
1.2380069359584398,-0.010056471869014538,40.19411498701032
-0.30496363785442043,-1.217938511593151,-43.810107302871764
-0.7946363210714987,-0.34624944764730997,-37.18677603369952
-2.5412388076882246,0.5129168468277764,-104.85710303123426
1.1615338035591172,0.2050866252318538,42.47207127134335
0.4722471500878487,-0.6471814318477607,-20.723036793125832
-2.2234031522244257,-0.6436184028328905,-120.54307330179957
-1.1570172808158679,0.19286395555038602,-9.636045316711854
-0.3595531615405413,-0.672460447775951,-41.88517188225734
-1.1183119243216322,-0.8056265075393678,-89.54578872828604
0.9380925409056456,-0.3655510899860373,28.07891938641757
0.8801789120807822,-0.20690367616397173,68.20345891162458
0.05549222544380277,1.4558079518368434,75.46241469315204
-0.11747454641811148,-0.6872990371566635,-57.66272774542488
1.2978457906510987,-0.6780257815644504,9.864062707165658
-0.8640449911023695,-0.40630313044506255,-47.55351415511141
-1.0985707275553296,-0.5494985463040403,-6.794063577141018
-0.8935744023141913,-0.7199405321418947,-66.719908995532
-1.846531981664673,0.8020517387405159,-50.268786616857824
-1.2845522979925272,0.5640085350738091,14.736307726830905
0.5391612741141966,0.1005812087289632,12.576774712072119
0.02862050418778282,-1.2597873434052702,-76.5037191853143
0.5829536797532936,0.0977249677148556,-14.139215093782045
0.9076987979878988,1.3480357804247187,122.4123592458324
-0.014777219659844775,1.9050636405600176,98.34406338423204
1.2023798487844113,1.2302906807277207,41.26982880882848
-1.6020576556067476,0.6252314510271875,-8.373572153723934
2.2567234972982093,-0.1576670161638159,56.61987380334968
1.7025701522417909,0.18970261207999567,57.282323720892144
-0.2903971008038668,-0.6963266538610828,-27.57924540530673
-1.5200392851920637,-0.5981504525164858,-76.81639944376849
0.3779101017384751,-0.1682142227670741,21.785326944776763
-0.4060717962598319,-1.6429652935306092,-79.13243626292318
0.2711127964467149,-0.7803044065015394,6.086634873709826
-0.06548837514448297,0.7316589270303925,-17.239465037701148
-0.9108503776386524,1.1483505806911265,-15.366715631850983
-0.6161211233234792,0.4472120874548315,27.976525101955012
-0.27929666927837216,-0.4897250223730267,-72.93594495320099
-0.10039350340136602,1.2605688450421493,70.91238615834523
0.16092816829822298,-0.01568211160255477,-24.389007916550717
-1.0612222874459092,0.6993804835878171,0.052383437438264124
0.3169426119248496,1.1880297923523018,37.61567893040389
0.6572676903047773,0.11273794123573724,14.624155292037187
-0.08837552319915498,0.2224631640086068,-29.234739900801586
-0.11610393903436653,0.4937417773491885,6.634533118156358
-1.2402163364077703,0.41780058320608143,-45.57443153668907
2.5402316207591715,-0.35595149304680634,80.60201790907527
-0.8096265760401127,0.8591041927855306,-12.780700748267586
0.7243685048699644,-0.4059417271884834,43.197433931848096
-1.2012015190173893,-0.7554627263656334,-133.7944209763285
-1.4166034824256406,1.660607559894514,0.5991002805997939
0.4170435029676036,-1.2037351921997794,-25.834992925705514
-0.3122922511256933,-1.1573552591908536,-56.04103502257753
0.6815945182816271,-1.034242841784465,-63.3933991085018
-1.2725581350323172,-1.4812459621972984,-93.04221910100377
0.3015140573967662,-0.7564935288807483,-25.26112303251057
0.6103917643054128,0.025385604406458987,-8.220742965142971
-0.8983219714320161,-0.9831181837457076,-98.08973598493341
2.198296338670493,0.010185518712073464,149.11223784226746
-1.7410228083589014,-0.2916419863518446,-65.15702860073085
-0.30676577602700456,2.014060154918468,91.16965460119378
0.17879286573317985,0.44103290727315136,59.102351911860005
0.15364446081566638,-1.6553440383096778,-94.91822178945264
0.08496813703770767,-1.0117740841054883,-9.168878559996953
-0.03509517686967038,0.9364457258311158,60.975095299993505
0.4497121002319925,0.2256086544711038,39.794090367207296
-0.050603540961665895,0.1993001968964652,-11.354877538329315
-0.237921729736007,-0.5973160689653627,-37.61832367644786
-0.03688353084506695,0.030546581040616888,58.73971068156144
-1.6295836027484385,0.6041367404426842,-38.684909152986776
0.18877859679382847,-1.936279805846507,-78.24008561818235
0.1339129226154759,0.10490716508551272,29.2068698561656
1.1149623229474022,0.6081564276006415,76.70995905335407
-1.3032427541123155,-1.7423561978092306,-122.19560377473559
-0.4523502755690917,-1.4464210639833286,-49.929665812899295
-0.2311016075929965,-0.8791606288350748,-17.966708589300538
0.6265642507453606,0.03890870585621503,26.34751303095487
-1.2406245995562275,0.2098494779230553,-73.23192539576986
-0.6319037580051673,1.1813786012882859,20.02533788864847
-0.4810271184607877,-0.6280875596415789,-17.985799932049726
1.0653154920979948,0.7539914669784796,32.41530945404684
1.9470986428203576,-1.3651628772251687,24.1959333388385
-0.8824188185499185,1.3191368763015756,-33.46056227931601
-0.13783917859609385,1.0983035407325124,53.45448455130264
0.8924738873315303,0.555962679709798,116.01858928502425
-0.1888347802177838,1.6002678187487591,38.52727283631633
0.4960009463439622,1.1285940645145685,83.22396496754855
0.7811981017099934,-1.1561824318219127,0.9388066744799168
0.8962484253561593,-0.18290498085695106,61.105914573348294
1.67398570701071,-1.0003303489537054,-40.43257623063422
0.2727963895302641,-0.4707424981827272,-21.092580720462273
0.019279384513077216,-0.1016972745548716,-29.096154426582327
-0.3328117648522096,0.5684589189242769,41.20241595000671
-1.4723229284664896,-0.4003488150134234,-147.1436666677177
-1.4491176107369304,-0.8137944832313059,-75.61618486084807
0.04253907402979072,0.021857358219871368,-26.54612998933352
-0.6432576017887388,1.5877615237453675,56.029031038733386
-0.3234574724834238,1.3151376657209723,3.0057908005002787
-0.8022531717308108,-1.7971646153956184,-127.61669125311943
-0.9931236109295808,0.28044170531629603,-55.47769548326155
0.8805111991771105,0.19145087202391176,10.979261478317994
2.211304333239493,0.9132019242521776,97.28633405884136
0.15634896910398005,-0.3479121493261526,11.823940525716855
0.1501152270061292,-0.6429525533528905,-12.533135860301533
-0.6606085939769921,-0.3007838764760271,-31.688738321800212
-1.0225643912606857,1.0590272544419663,22.927129017696892
0.4790952240982286,1.0390964403783929,37.94341210535893
0.5200406145708678,0.3171606262926888,49.56712537520311
0.5727513668572158,-0.4310963375107571,-15.905680561960404
-0.001385042735095726,-0.05613302044875712,-3.8075790334048563
-0.7380309092056887,-0.02432612439893564,19.892909382719573
1.3675972398067135,-0.0903820072769468,-5.72687710007483
-1.063695591025548,0.5592989813908843,-25.985355626808712
0.6479677910098883,1.584820527349018,24.2892359237982
-0.2803554951845091,-0.4409226322925914,-4.887439278699613
-0.9420935888731159,-0.8358560674816213,-105.57619483852815
1.2224450703824274,-0.4031769469731796,72.27314524736433
-0.11246598255955273,-1.6882300277714322,-91.29969644477488
-0.4034591834208012,-0.4122717546045429,-13.23052682373214
0.02135122384354861,-0.4990166379941829,-28.152952565260787
1.5692596145359043,0.012231983638817386,43.67969742132117
0.4226286217088257,0.5290452383344316,55.793557927355444
0.3019892103575529,1.6692508063769689,119.13327566859829
-1.2348258203536526,1.1394006845433011,30.386840487017274
0.4331079531513437,-0.9378802311514516,-28.848377863414672
0.9785672974460428,0.28601252697811796,30.078755258487593
0.34965445699317405,0.5785214977288784,70.36325286263927
-0.5211893123011109,-0.6522935999350191,-13.587171402521474
2.3807453512197503,-0.03576807186022113,125.3741072668982
9.222109257625242,4.630915176363202,36.18535183526385
12.556373606843042,3.5922678653216167,42.88354691698857
17.382984770761777,4.7331359676658264,73.1350724744764
21.40918922199852,5.015759014136783,35.08347190481082
29.5487312798412,6.534361852181445,132.86983951260163
31.550737846596665,5.44683531723663,100.27718836837437
37.36071357726357,1.3718497112493964,89.41463027336134
